Season Number,Offers,Pitches,Avg_Deal,Avg_Equity,Avg_Valuation,Success_Rate
1,96,152,57.49430085714285,15.576857142857145,4152.1578947368425,63.2
2,121,169,65.85849056603773,6.598490566037737,5991.344380359172,71.6
3,104,157,73.1523097826087,4.661630434782609,5500.703002673694,66.2
4,102,156,92.92717391304348,5.7351086956521735,5464.02330153141,65.4
5,42,68,135.5609756097561,6.515853658536585,7075.403405514706,61.8
