{
  "industries": {
    "Food and Beverage": {
      "median_valuation": 2500.0,
      "avg_deal": 60.070370833333335,
      "avg_equity": 7.0993518518518535,
      "count": 108
    },
    "Vehicles/Electrical Vehicles": {
      "median_valuation": 4375.0,
      "avg_deal": 49.25,
      "avg_equity": 7.430833333333333,
      "count": 12
    },
    "Beauty/Fashion": {
      "median_valuation": 4000.0,
      "avg_deal": 79.07291666666667,
      "avg_equity": 7.636979166666666,
      "count": 96
    },
    "Children/Education": {
      "median_valuation": 5000.0,
      "avg_deal": 64.3,
      "avg_equity": 6.029999999999999,
      "count": 20
    },
    "Agriculture": {
      "median_valuation": 5000.0,
      "avg_deal": 31.666666666666668,
      "avg_equity": 9.833333333333334,
      "count": 6
    },
    "Medical/Health": {
      "median_valuation": 4000.0,
      "avg_deal": 80.06252104166667,
      "avg_equity": 4.885000000000001,
      "count": 48
    },
    "Manufacturing": {
      "median_valuation": 2000.0,
      "avg_deal": 52.61290322580645,
      "avg_equity": 6.0283870967741935,
      "count": 31
    },
    "Technology/Software": {
      "median_valuation": 4000.0,
      "avg_deal": 80.35416666666667,
      "avg_equity": 6.208541666666666,
      "count": 48
    },
    "Green/CleanTech": {
      "median_valuation": 2500.0,
      "avg_deal": 68.50125,
      "avg_equity": 5.2,
      "count": 10
    },
    "Electronics": {
      "median_valuation": 4000.0,
      "avg_deal": 133.33333333333334,
      "avg_equity": 17.0,
      "count": 3
    }
  },
  "avg_multiple": 15.2,
  "median_equity": 6.5
}