{
  "total_startups": 702,
  "total_deals": 465,
  "success_rate": 66.23931623931624,
  "avg_deal": 68.479384,
  "median_deal": 50.0,
  "total_investment": 31842.91356,
  "avg_equity": 6.480580645161291,
  "median_equity": 4.0
}